image_name,label
652.jpg,5
228.jpg,2
70.jpg,5
116.jpg,4
340.jpg,1
122.jpg,1
391.jpg,4
594.jpg,4
480.jpg,5
552.jpg,4
524.jpg,2
113.jpg,1
295.jpg,5
345.jpg,3
261.jpg,4
223.jpg,4
241.jpg,4
377.jpg,3
513.jpg,3
297.jpg,2
180.jpg,1
157.jpg,1
43.jpg,5
336.jpg,1
379.jpg,4
518.jpg,3
662.jpg,3
473.jpg,4
402.jpg,1
477.jpg,3
426.jpg,4
218.jpg,5
671.jpg,5
330.jpg,1
403.jpg,5
100.jpg,5
30.jpg,4
108.jpg,1
222.jpg,4
500.jpg,5
632.jpg,3
410.jpg,2
90.jpg,3
72.jpg,4
360.jpg,4
171.jpg,1
467.jpg,4
474.jpg,3
334.jpg,5
191.jpg,2
587.jpg,1
40.jpg,1
372.jpg,3
276.jpg,4
273.jpg,1
242.jpg,3
504.jpg,1
332.jpg,0
338.jpg,3
568.jpg,4
202.jpg,5
91.jpg,5
675.jpg,1
206.jpg,4
434.jpg,4
166.jpg,1
57.jpg,5
109.jpg,4
302.jpg,1
427.jpg,4
479.jpg,5
418.jpg,3
350.jpg,1
475.jpg,5
239.jpg,4
48.jpg,2
374.jpg,0
12.jpg,3
468.jpg,1
125.jpg,5
190.jpg,5
396.jpg,1
534.jpg,0
644.jpg,5
466.jpg,1
489.jpg,4
134.jpg,2
663.jpg,3
9.jpg,5
282.jpg,5
35.jpg,0
319.jpg,5
126.jpg,1
41.jpg,1
94.jpg,1
567.jpg,4
153.jpg,0
110.jpg,2
421.jpg,0
294.jpg,0
23.jpg,4
14.jpg,4
147.jpg,3
107.jpg,2
211.jpg,0
601.jpg,5
34.jpg,5
284.jpg,1
414.jpg,4
189.jpg,4
365.jpg,3
260.jpg,4
510.jpg,4
574.jpg,2
676.jpg,4
499.jpg,5
638.jpg,0
291.jpg,2
672.jpg,0
425.jpg,1
526.jpg,2
673.jpg,1
103.jpg,2
86.jpg,2
358.jpg,5
236.jpg,4
506.jpg,2
588.jpg,3
308.jpg,0
339.jpg,1
10.jpg,5
666.jpg,1
114.jpg,2
459.jpg,3
678.jpg,1
394.jpg,1
521.jpg,3
670.jpg,0
634.jpg,1
581.jpg,2
16.jpg,4
469.jpg,1
488.jpg,2
264.jpg,4
227.jpg,4
252.jpg,1
11.jpg,5
26.jpg,3
215.jpg,2
501.jpg,2
490.jpg,1
143.jpg,4
323.jpg,4
436.jpg,2
258.jpg,4
562.jpg,0
87.jpg,2
253.jpg,1
162.jpg,1
220.jpg,3
62.jpg,3
397.jpg,1
637.jpg,2
484.jpg,1
335.jpg,0
359.jpg,5
137.jpg,1
7.jpg,4
66.jpg,1
226.jpg,2
271.jpg,5
548.jpg,1
538.jpg,1
420.jpg,1
564.jpg,1
687.jpg,4
176.jpg,4
150.jpg,2
224.jpg,5
331.jpg,3
8.jpg,4
146.jpg,1
659.jpg,0
442.jpg,4
454.jpg,1
179.jpg,0
188.jpg,4
269.jpg,5
641.jpg,4
75.jpg,5
509.jpg,5
152.jpg,0
15.jpg,3
316.jpg,3
196.jpg,4
201.jpg,3
173.jpg,2
163.jpg,5
168.jpg,5
245.jpg,2
197.jpg,3
44.jpg,1
536.jpg,5
368.jpg,4
17.jpg,3
575.jpg,5
674.jpg,2
266.jpg,1
584.jpg,5
416.jpg,2
129.jpg,5
272.jpg,5
497.jpg,4
238.jpg,0
386.jpg,0
106.jpg,1
22.jpg,5
445.jpg,0
145.jpg,5
127.jpg,5
93.jpg,1
132.jpg,4
27.jpg,4
380.jpg,1
285.jpg,5
569.jpg,1
597.jpg,3
133.jpg,5
203.jpg,1
39.jpg,3
520.jpg,4
111.jpg,4
148.jpg,5
159.jpg,2
104.jpg,5
288.jpg,0
543.jpg,4
286.jpg,3
650.jpg,1
298.jpg,5
511.jpg,5
460.jpg,5
541.jpg,4
503.jpg,2
664.jpg,4
592.jpg,5
217.jpg,4
378.jpg,3
199.jpg,3
170.jpg,1
325.jpg,2
89.jpg,2
571.jpg,5
18.jpg,2
604.jpg,3
556.jpg,4
42.jpg,2
82.jpg,0
53.jpg,5
353.jpg,3
657.jpg,0
566.jpg,5
546.jpg,0
512.jpg,4
81.jpg,5
95.jpg,2
141.jpg,0
470.jpg,5
71.jpg,4
635.jpg,3
456.jpg,0
680.jpg,2
144.jpg,1
117.jpg,3
309.jpg,1
326.jpg,4
221.jpg,4
660.jpg,4
515.jpg,1
495.jpg,2
529.jpg,3
246.jpg,4
76.jpg,5
452.jpg,0
554.jpg,0
563.jpg,4
317.jpg,5
542.jpg,3
313.jpg,4
164.jpg,1
259.jpg,1
142.jpg,1
58.jpg,5
20.jpg,4
558.jpg,5
631.jpg,1
59.jpg,2
280.jpg,4
136.jpg,1
337.jpg,3
667.jpg,1
629.jpg,1
13.jpg,1
446.jpg,2
4.jpg,4
458.jpg,1
210.jpg,3
478.jpg,5
213.jpg,3
669.jpg,0
64.jpg,1
486.jpg,2
570.jpg,5
532.jpg,3
311.jpg,4
600.jpg,5
36.jpg,1
621.jpg,2
67.jpg,4
472.jpg,1
165.jpg,5
233.jpg,2
611.jpg,4
32.jpg,0
267.jpg,5
324.jpg,3
608.jpg,1
234.jpg,3
61.jpg,5
207.jpg,2
582.jpg,3
388.jpg,1
355.jpg,0
212.jpg,2
112.jpg,1
586.jpg,2
496.jpg,1
557.jpg,2
440.jpg,2
21.jpg,3
290.jpg,0
119.jpg,0
636.jpg,1
537.jpg,1
612.jpg,0
364.jpg,3
299.jpg,5
643.jpg,2
385.jpg,3
514.jpg,2
97.jpg,2
321.jpg,0
347.jpg,4
640.jpg,5
79.jpg,5
155.jpg,1
381.jpg,2
251.jpg,0
256.jpg,4
443.jpg,0
413.jpg,4
435.jpg,4
444.jpg,3
649.jpg,1
195.jpg,2
351.jpg,4
593.jpg,4
329.jpg,3
49.jpg,4
539.jpg,0
519.jpg,2
461.jpg,0
363.jpg,4
50.jpg,2
602.jpg,5
623.jpg,2
626.jpg,0
184.jpg,2
585.jpg,2
549.jpg,2
237.jpg,1
51.jpg,1
679.jpg,4
462.jpg,1
296.jpg,0
315.jpg,5
204.jpg,4
528.jpg,4
483.jpg,4
138.jpg,5
84.jpg,2
428.jpg,1
31.jpg,4
407.jpg,5
405.jpg,4
392.jpg,3
98.jpg,1
5.jpg,1
182.jpg,0
599.jpg,3
595.jpg,5
161.jpg,5
328.jpg,3
441.jpg,1
124.jpg,5
362.jpg,3
400.jpg,4
390.jpg,1
545.jpg,4
580.jpg,2
366.jpg,3
547.jpg,3
573.jpg,1
307.jpg,2
655.jpg,1
230.jpg,5
243.jpg,1
685.jpg,3
481.jpg,0
429.jpg,5
439.jpg,0
371.jpg,1
255.jpg,4
505.jpg,3
530.jpg,1
265.jpg,4
186.jpg,1
354.jpg,4
45.jpg,0
455.jpg,2
620.jpg,5
492.jpg,1
583.jpg,2
105.jpg,5
369.jpg,4
630.jpg,3
268.jpg,0
540.jpg,3
115.jpg,0
344.jpg,5
578.jpg,4
74.jpg,4
214.jpg,0
249.jpg,4
661.jpg,4
502.jpg,2
615.jpg,1
293.jpg,2
349.jpg,3
60.jpg,2
654.jpg,4
550.jpg,4
465.jpg,4
29.jpg,4
304.jpg,1
270.jpg,4
172.jpg,2
677.jpg,3
78.jpg,3
357.jpg,2
559.jpg,3
283.jpg,4
33.jpg,0
389.jpg,5
343.jpg,2
327.jpg,0
289.jpg,5
65.jpg,5
398.jpg,3
668.jpg,0
533.jpg,0
2.jpg,1
139.jpg,1
96.jpg,4
185.jpg,5
55.jpg,5
231.jpg,3
376.jpg,3
80.jpg,4
320.jpg,3
551.jpg,1
225.jpg,3
194.jpg,5
208.jpg,5
219.jpg,3
422.jpg,3
433.jpg,1
367.jpg,5
603.jpg,4
487.jpg,5
617.jpg,1
411.jpg,2
590.jpg,4
183.jpg,4
314.jpg,5
240.jpg,5
303.jpg,4
508.jpg,4
149.jpg,2
401.jpg,2
257.jpg,4
639.jpg,1
177.jpg,4
229.jpg,0
606.jpg,5
449.jpg,0
645.jpg,4
154.jpg,3
262.jpg,3
99.jpg,4
610.jpg,1
287.jpg,5
277.jpg,5
464.jpg,5
373.jpg,5
123.jpg,2
342.jpg,4
356.jpg,5
200.jpg,1
453.jpg,2
279.jpg,5
24.jpg,0
498.jpg,2
527.jpg,0
85.jpg,4
627.jpg,0
598.jpg,2
310.jpg,0
247.jpg,1
278.jpg,4
383.jpg,2
348.jpg,3
0.jpg,4
565.jpg,0
370.jpg,1
622.jpg,4
3.jpg,4
560.jpg,5
624.jpg,2
216.jpg,1
448.jpg,5
516.jpg,5
205.jpg,1
305.jpg,5
160.jpg,0
507.jpg,4
118.jpg,5
482.jpg,3
415.jpg,1
494.jpg,0
430.jpg,1
187.jpg,1
607.jpg,5
485.jpg,5
250.jpg,4
628.jpg,5
192.jpg,3
38.jpg,4
169.jpg,1
517.jpg,4
451.jpg,1
121.jpg,5
46.jpg,4
404.jpg,2
423.jpg,1
438.jpg,3
523.jpg,5
417.jpg,1
361.jpg,5
633.jpg,3
120.jpg,3
151.jpg,5
69.jpg,5
395.jpg,4
37.jpg,4
244.jpg,0
642.jpg,4
576.jpg,4
561.jpg,5
447.jpg,1
591.jpg,0
651.jpg,4
131.jpg,5
646.jpg,4
384.jpg,0
375.jpg,2
393.jpg,0
54.jpg,3
140.jpg,4
318.jpg,3
1.jpg,4
579.jpg,3
77.jpg,1
609.jpg,1
281.jpg,1
419.jpg,5
254.jpg,4
174.jpg,0
605.jpg,2
476.jpg,3
83.jpg,3
263.jpg,1
616.jpg,4
682.jpg,2
431.jpg,1
681.jpg,4
409.jpg,3
412.jpg,5
577.jpg,4
167.jpg,0
457.jpg,1
181.jpg,2
312.jpg,1
19.jpg,3
613.jpg,5
463.jpg,0
235.jpg,3
432.jpg,2
175.jpg,0
56.jpg,5
424.jpg,0
555.jpg,3
248.jpg,1
491.jpg,1
525.jpg,1
493.jpg,5
522.jpg,3
300.jpg,2
130.jpg,2
406.jpg,2
92.jpg,5
68.jpg,5
102.jpg,1
52.jpg,3
47.jpg,0
101.jpg,1
25.jpg,1
6.jpg,1
382.jpg,4
306.jpg,4
275.jpg,3
301.jpg,4
193.jpg,5
589.jpg,1
28.jpg,0
544.jpg,5
684.jpg,3
618.jpg,0
333.jpg,0
619.jpg,5
158.jpg,5
656.jpg,1
341.jpg,4
653.jpg,0
274.jpg,4
471.jpg,4
408.jpg,4
658.jpg,0
596.jpg,1
352.jpg,4
614.jpg,5
135.jpg,3
399.jpg,1
63.jpg,3
686.jpg,1
128.jpg,3
531.jpg,0
450.jpg,4
535.jpg,5
178.jpg,2
387.jpg,2
156.jpg,2
346.jpg,5
553.jpg,5
683.jpg,4
73.jpg,4
625.jpg,4
647.jpg,3
648.jpg,2
572.jpg,5
232.jpg,4
198.jpg,5
665.jpg,5
88.jpg,4
292.jpg,1
209.jpg,1
437.jpg,4
322.jpg,3
