image_name,label
623.jpg,2
208.jpg,5
473.jpg,0
333.jpg,1
537.jpg,1
45.jpg,0
369.jpg,0
56.jpg,5
654.jpg,4
89.jpg,2
20.jpg,4
275.jpg,4
212.jpg,2
239.jpg,3
58.jpg,5
150.jpg,2
6.jpg,3
109.jpg,4
149.jpg,4
187.jpg,1
521.jpg,3
436.jpg,2
76.jpg,5
539.jpg,1
355.jpg,1
516.jpg,5
71.jpg,4
474.jpg,0
501.jpg,5
342.jpg,4
429.jpg,5
646.jpg,2
682.jpg,2
544.jpg,5
377.jpg,3
272.jpg,5
270.jpg,4
182.jpg,1
215.jpg,2
489.jpg,4
576.jpg,2
185.jpg,5
613.jpg,5
243.jpg,1
153.jpg,0
189.jpg,4
143.jpg,4
476.jpg,3
327.jpg,1
253.jpg,5
343.jpg,2
115.jpg,0
131.jpg,5
446.jpg,0
626.jpg,2
425.jpg,1
5.jpg,1
366.jpg,3
151.jpg,5
426.jpg,4
503.jpg,0
8.jpg,5
641.jpg,4
622.jpg,4
440.jpg,2
260.jpg,4
534.jpg,1
202.jpg,3
84.jpg,2
577.jpg,4
237.jpg,1
273.jpg,1
286.jpg,3
283.jpg,4
486.jpg,2
513.jpg,5
85.jpg,4
564.jpg,2
359.jpg,5
67.jpg,3
265.jpg,1
289.jpg,2
118.jpg,5
361.jpg,5
591.jpg,0
82.jpg,0
443.jpg,0
295.jpg,2
176.jpg,5
279.jpg,5
668.jpg,0
30.jpg,2
97.jpg,2
334.jpg,2
106.jpg,1
163.jpg,5
113.jpg,5
160.jpg,0
518.jpg,3
38.jpg,4
463.jpg,0
349.jpg,3
490.jpg,1
328.jpg,3
211.jpg,0
42.jpg,2
291.jpg,2
197.jpg,3
630.jpg,3
33.jpg,0
10.jpg,5
234.jpg,3
178.jpg,0
54.jpg,3
672.jpg,1
271.jpg,5
683.jpg,1
251.jpg,0
665.jpg,5
0.jpg,4
130.jpg,2
62.jpg,5
589.jpg,1
278.jpg,1
500.jpg,2
156.jpg,2
380.jpg,1
558.jpg,5
120.jpg,3
456.jpg,0
35.jpg,0
629.jpg,1
290.jpg,0
61.jpg,5
190.jpg,5
124.jpg,5
441.jpg,1
353.jpg,2
191.jpg,2
512.jpg,2
427.jpg,4
59.jpg,1
604.jpg,3
680.jpg,5
595.jpg,2
379.jpg,2
73.jpg,1
313.jpg,3
601.jpg,5
188.jpg,4
274.jpg,2
98.jpg,0
375.jpg,2
396.jpg,4
41.jpg,5
480.jpg,2
527.jpg,2
620.jpg,5
248.jpg,1
123.jpg,2
230.jpg,5
580.jpg,0
685.jpg,5
408.jpg,1
509.jpg,5
256.jpg,4
559.jpg,5
247.jpg,1
477.jpg,3
94.jpg,1
362.jpg,3
60.jpg,2
627.jpg,2
538.jpg,1
221.jpg,3
167.jpg,2
57.jpg,5
515.jpg,2
227.jpg,2
112.jpg,2
664.jpg,4
372.jpg,3
388.jpg,1
478.jpg,5
193.jpg,5
374.jpg,0
639.jpg,1
452.jpg,0
152.jpg,4
368.jpg,2
506.jpg,2
192.jpg,3
412.jpg,5
91.jpg,1
653.jpg,0
9.jpg,5
101.jpg,1
651.jpg,4
99.jpg,1
382.jpg,3
311.jpg,4
241.jpg,0
397.jpg,1
37.jpg,0
340.jpg,1
435.jpg,2
1.jpg,4
524.jpg,2
529.jpg,3
177.jpg,4
186.jpg,1
642.jpg,4
358.jpg,1
69.jpg,5
468.jpg,2
414.jpg,4
75.jpg,5
403.jpg,5
660.jpg,1
117.jpg,3
81.jpg,1
684.jpg,1
390.jpg,0
299.jpg,5
254.jpg,4
410.jpg,1
381.jpg,2
535.jpg,3
393.jpg,1
424.jpg,0
494.jpg,0
481.jpg,0
401.jpg,2
444.jpg,2
276.jpg,2
46.jpg,4
560.jpg,5
319.jpg,5
137.jpg,2
525.jpg,1
455.jpg,5
574.jpg,2
267.jpg,1
44.jpg,1
561.jpg,5
563.jpg,4
65.jpg,5
50.jpg,3
314.jpg,5
467.jpg,0
530.jpg,1
127.jpg,5
196.jpg,4
569.jpg,1
29.jpg,4
140.jpg,4
531.jpg,2
235.jpg,3
415.jpg,1
482.jpg,3
322.jpg,3
79.jpg,5
302.jpg,1
179.jpg,1
284.jpg,0
419.jpg,5
285.jpg,5
387.jpg,5
590.jpg,4
105.jpg,5
649.jpg,1
371.jpg,0
16.jpg,5
111.jpg,1
634.jpg,1
55.jpg,5
317.jpg,3
619.jpg,5
356.jpg,1
145.jpg,5
611.jpg,4
658.jpg,1
135.jpg,3
23.jpg,4
246.jpg,4
541.jpg,4
7.jpg,4
659.jpg,0
548.jpg,1
434.jpg,4
214.jpg,3
225.jpg,3
252.jpg,1
77.jpg,4
166.jpg,1
292.jpg,1
80.jpg,2
466.jpg,1
159.jpg,3
430.jpg,0
464.jpg,1
458.jpg,1
121.jpg,2
28.jpg,1
22.jpg,5
173.jpg,2
378.jpg,1
645.jpg,4
573.jpg,0
677.jpg,1
671.jpg,5
400.jpg,0
678.jpg,1
171.jpg,5
329.jpg,3
258.jpg,4
498.jpg,1
603.jpg,4
565.jpg,1
392.jpg,3
103.jpg,2
174.jpg,2
40.jpg,1
261.jpg,5
391.jpg,4
451.jpg,1
357.jpg,0
543.jpg,3
332.jpg,0
296.jpg,1
346.jpg,3
554.jpg,1
308.jpg,0
264.jpg,4
633.jpg,3
199.jpg,0
310.jpg,0
687.jpg,5
126.jpg,5
142.jpg,4
48.jpg,2
339.jpg,1
631.jpg,1
532.jpg,1
280.jpg,3
572.jpg,5
555.jpg,3
169.jpg,1
656.jpg,1
421.jpg,1
545.jpg,5
449.jpg,1
194.jpg,4
663.jpg,3
180.jpg,1
104.jpg,5
24.jpg,2
567.jpg,4
155.jpg,1
88.jpg,2
465.jpg,4
344.jpg,5
64.jpg,1
352.jpg,3
287.jpg,3
269.jpg,5
326.jpg,3
420.jpg,2
485.jpg,2
216.jpg,1
450.jpg,0
636.jpg,1
158.jpg,5
587.jpg,5
575.jpg,5
148.jpg,3
168.jpg,1
31.jpg,4
586.jpg,2
263.jpg,4
195.jpg,0
502.jpg,4
255.jpg,0
114.jpg,2
552.jpg,4
406.jpg,2
281.jpg,1
43.jpg,3
138.jpg,5
650.jpg,5
496.jpg,1
582.jpg,3
207.jpg,2
209.jpg,1
598.jpg,0
100.jpg,5
376.jpg,3
13.jpg,4
228.jpg,2
74.jpg,2
617.jpg,0
669.jpg,0
323.jpg,4
667.jpg,1
337.jpg,3
644.jpg,5
507.jpg,1
223.jpg,4
350.jpg,1
417.jpg,3
447.jpg,1
236.jpg,0
363.jpg,0
68.jpg,5
581.jpg,5
53.jpg,5
83.jpg,3
588.jpg,1
336.jpg,1
107.jpg,1
609.jpg,1
347.jpg,2
354.jpg,2
154.jpg,3
206.jpg,4
164.jpg,0
338.jpg,3
301.jpg,4
146.jpg,1
571.jpg,5
161.jpg,5
681.jpg,4
198.jpg,3
528.jpg,4
277.jpg,5
618.jpg,0
331.jpg,3
594.jpg,1
624.jpg,4
72.jpg,5
257.jpg,4
445.jpg,1
578.jpg,5
233.jpg,2
585.jpg,0
139.jpg,1
318.jpg,3
416.jpg,2
200.jpg,1
321.jpg,0
32.jpg,0
676.jpg,2
488.jpg,1
469.jpg,1
102.jpg,1
244.jpg,0
675.jpg,1
220.jpg,3
17.jpg,3
394.jpg,3
492.jpg,1
157.jpg,1
438.jpg,3
26.jpg,3
351.jpg,4
638.jpg,1
183.jpg,5
39.jpg,3
219.jpg,3
373.jpg,5
240.jpg,5
602.jpg,5
459.jpg,4
288.jpg,2
360.jpg,2
242.jpg,3
86.jpg,2
229.jpg,0
523.jpg,5
222.jpg,5
330.jpg,1
15.jpg,0
628.jpg,0
383.jpg,0
402.jpg,1
557.jpg,1
487.jpg,5
238.jpg,2
119.jpg,1
165.jpg,5
204.jpg,3
570.jpg,5
606.jpg,5
12.jpg,3
566.jpg,4
224.jpg,1
141.jpg,2
616.jpg,4
92.jpg,5
495.jpg,2
122.jpg,1
293.jpg,5
497.jpg,3
686.jpg,1
305.jpg,1
11.jpg,5
491.jpg,1
70.jpg,5
592.jpg,5
652.jpg,5
439.jpg,0
210.jpg,3
453.jpg,2
181.jpg,2
484.jpg,1
596.jpg,0
405.jpg,5
533.jpg,0
579.jpg,2
568.jpg,4
550.jpg,4
674.jpg,2
472.jpg,1
259.jpg,3
389.jpg,5
34.jpg,5
661.jpg,3
411.jpg,2
520.jpg,5
27.jpg,2
432.jpg,2
370.jpg,5
399.jpg,1
294.jpg,2
479.jpg,5
409.jpg,3
51.jpg,1
262.jpg,3
673.jpg,1
448.jpg,5
132.jpg,4
546.jpg,0
52.jpg,3
341.jpg,4
21.jpg,3
4.jpg,0
418.jpg,3
309.jpg,1
365.jpg,3
312.jpg,1
184.jpg,2
300.jpg,2
250.jpg,4
583.jpg,2
297.jpg,3
556.jpg,4
540.jpg,3
493.jpg,5
125.jpg,2
666.jpg,1
128.jpg,5
172.jpg,5
95.jpg,2
553.jpg,5
3.jpg,0
442.jpg,3
36.jpg,1
384.jpg,0
610.jpg,1
217.jpg,0
615.jpg,2
536.jpg,5
657.jpg,0
608.jpg,1
386.jpg,4
96.jpg,4
600.jpg,5
348.jpg,3
584.jpg,5
404.jpg,2
144.jpg,1
662.jpg,3
110.jpg,3
655.jpg,1
413.jpg,4
407.jpg,5
522.jpg,2
325.jpg,3
510.jpg,2
437.jpg,4
385.jpg,3
625.jpg,3
475.jpg,5
471.jpg,4
63.jpg,3
621.jpg,0
398.jpg,2
162.jpg,1
231.jpg,0
643.jpg,2
499.jpg,4
508.jpg,1
19.jpg,3
201.jpg,3
303.jpg,1
514.jpg,2
87.jpg,2
670.jpg,0
47.jpg,1
612.jpg,1
562.jpg,0
282.jpg,5
547.jpg,3
93.jpg,1
470.jpg,1
170.jpg,0
428.jpg,5
324.jpg,3
457.jpg,1
14.jpg,4
549.jpg,0
519.jpg,2
18.jpg,2
175.jpg,2
268.jpg,0
517.jpg,4
526.jpg,2
607.jpg,5
345.jpg,3
316.jpg,3
226.jpg,2
637.jpg,2
462.jpg,3
116.jpg,4
614.jpg,5
78.jpg,3
320.jpg,3
367.jpg,5
433.jpg,1
266.jpg,3
245.jpg,0
335.jpg,0
460.jpg,5
648.jpg,2
232.jpg,4
108.jpg,1
49.jpg,1
203.jpg,0
640.jpg,2
679.jpg,4
542.jpg,3
505.jpg,4
66.jpg,0
511.jpg,1
632.jpg,3
298.jpg,5
483.jpg,4
306.jpg,4
647.jpg,3
395.jpg,1
423.jpg,1
307.jpg,2
593.jpg,4
504.jpg,1
129.jpg,5
2.jpg,1
205.jpg,1
422.jpg,1
133.jpg,5
304.jpg,3
551.jpg,1
315.jpg,5
134.jpg,2
218.jpg,1
635.jpg,3
249.jpg,5
213.jpg,3
431.jpg,0
597.jpg,3
461.jpg,0
136.jpg,4
454.jpg,1
605.jpg,2
364.jpg,3
90.jpg,3
599.jpg,4
25.jpg,4
147.jpg,3
